Country,latitude,longitude,brightness,scan,track,acq_date,acq_time,satellite,confidence,version,bright_t31,frp,daynight,PCA_component1,PCA_component2
Ukraine,49.345,24.238,312,1.5,1.2,2020-01-22,0905,T,68,6.0NRT,270,27,D,-1.2060788301853294,0.7517537776655159
Ukraine,49.343,24.258,306.8,1.5,1.2,2020-01-22,0905,T,64,6.0NRT,271.7,20.6,D,-1.1981397790787864,0.588768653163901
Ukraine,48.978,24.276,308.5,1.4,1.2,2020-01-22,0905,T,67,6.0NRT,275.9,21.5,D,-0.7896486558706668,0.5349427355662657
Ukraine,48.892,24.774,314.8,1.4,1.2,2020-01-22,0905,T,75,6.0NRT,275.2,27,D,-0.7162878753453513,0.7285414326252075
Romania,47.472,27.344,302.6,1.1,1,2020-01-22,0905,T,53,6.0NRT,279.7,8.9,D,0.2525172721830588,-0.08428228055165062
Moldova Republic of,46.495,29.961,302.7,1,1,2020-01-22,0905,T,53,6.0NRT,280.9,7.9,D,0.458692278114464,-0.11223812625058269
Romania,45.19,29.147,302.6,1,1,2020-01-22,0905,T,0,6.0NRT,277,8,D,0.27045797716185377,-0.24140659926322042
Bulgaria,43.222,25.311,303.8,1.1,1.1,2020-01-22,0905,T,57,6.0NRT,279.9,10,D,0.19124221709665176,-0.3791837633648897
Greece,39.81,21.098,306.6,1.6,1.2,2020-01-22,0905,T,55,6.0NRT,281.8,18.2,D,-0.23016279288704222,-0.41256273639012014
Greece,39.81,21.091,301.5,1.6,1.2,2020-01-22,0905,T,36,6.0NRT,281.9,12.9,D,-0.31941825084045045,-0.5599845398088991
Turkey,38.744,26.948,303.1,1,1,2020-01-22,0905,T,55,6.0NRT,284.9,6.7,D,1.0692528741914193,-0.9399756146463873
Turkey,38.32,28.861,300.6,1.1,1,2020-01-22,0905,T,39,6.0NRT,278.7,7.8,D,0.5543214150269834,-0.8724215073518927
Romania,44.829,29.46,361.5,1.2,1.1,2020-01-22,1050,A,75,6.0NRT,284,117.4,D,1.428348848578329,1.7417147564168323
Romania,44.841,29.471,379.5,1.2,1.1,2020-01-22,1050,A,100,6.0NRT,282.5,195,D,1.812304433403102,2.5436635674088137
Romania,44.839,29.456,434.5,1.2,1.1,2020-01-22,1050,A,100,6.0NRT,304.5,677.8,D,5.2664284373267405,5.984895959016099
Romania,44.836,29.442,356.6,1.2,1.1,2020-01-22,1050,A,93,6.0NRT,288.6,97.5,D,1.5922205503414566,1.5057838871729416
Romania,44.851,29.468,373.5,1.2,1.1,2020-01-22,1050,A,100,6.0NRT,281.5,166.1,D,1.581242003844014,2.271904609725208
Romania,44.848,29.453,419.9,1.2,1.1,2020-01-22,1050,A,100,6.0NRT,297.2,504.2,D,4.146878872950202,4.868135342695594
Romania,44.846,29.439,384.2,1.2,1.1,2020-01-22,1050,A,100,6.0NRT,288.9,219.1,D,2.3525949764847027,2.731409261025611
Romania,44.843,29.424,351.8,1.2,1.1,2020-01-22,1050,A,97,6.0NRT,283.3,87.5,D,1.1537409423009801,1.3741636867255338
Romania,44.84,29.409,310,1.2,1.1,2020-01-22,1050,A,69,6.0NRT,280.1,15.5,D,0.09831307183490848,0.05682735132633503
Romania,43.988,24.134,311.9,2.3,1.5,2020-01-22,1050,A,54,6.0NRT,269,48.7,D,-2.6623138826544364,1.0305376761081897
Romania,43.986,24.127,311.3,2.3,1.5,2020-01-22,1050,A,54,6.0NRT,269.9,43.9,D,-2.626454242612255,0.9882749451947905
Romania,45.179,29.154,302.4,1.2,1.1,2020-01-22,1050,A,39,6.0NRT,280.1,10,D,-0.05256465985760705,-0.1313588326910144
Romania,45.276,29.476,312.8,1.2,1.1,2020-01-22,1050,A,73,6.0NRT,282.9,16.2,D,0.30352342379360625,0.15240296879808532
Romania,45.282,29.482,303.3,1.2,1.1,2020-01-22,1050,A,55,6.0NRT,282.5,9.8,D,0.10813486983978948,-0.10137515854075557
Romania,45.279,29.468,305.7,1.2,1.1,2020-01-22,1050,A,62,6.0NRT,282.6,11.7,D,0.1582199653887352,-0.03659455102269473
Romania,45.318,28.484,303.6,1.3,1.1,2020-01-22,1050,A,43,6.0NRT,282.2,10.4,D,0.0009007132080840794,-0.08510851263745911
Romania,45.323,28.067,322.8,1.3,1.1,2020-01-22,1050,A,82,6.0NRT,279.7,35.7,D,0.21639486945488998,0.4884819060283101
Moldova Republic of,45.991,28.403,304.1,1.2,1.1,2020-01-22,1050,A,58,6.0NRT,281.2,11.5,D,0.014944030699908954,-0.05027459071556478
Ukraine,46.759,31.85,301.9,1,1,2020-01-22,1050,A,49,6.0NRT,271.7,8.3,D,-0.19289142276706045,-0.07046599442766183
Ukraine,47.038,32.161,301.3,1,1,2020-01-22,1050,A,46,6.0NRT,266.1,9.1,D,-0.5692510778540438,-0.011845567005362507
Ukraine,47.534,30.418,302.5,1,1,2020-01-22,1050,A,53,6.0NRT,274.6,8.3,D,-0.028820375476454885,-0.0648430877794403
Ukraine,47.734,29.928,309.2,1.1,1,2020-01-22,1050,A,68,6.0NRT,274.3,13.5,D,-0.02995360459112355,0.16168451007152893
Ukraine,47.653,29.384,333.1,1.1,1,2020-01-22,1050,A,77,6.0NRT,280.5,40.3,D,0.8214888425751117,0.792634649737561
Moldova Republic of,47.684,28.786,300.1,1.1,1.1,2020-01-22,1050,A,29,6.0NRT,282.7,7.2,D,0.054710994145468955,-0.05287431795451803
Romania,47.455,27.118,308.2,1.3,1.1,2020-01-22,1050,A,67,6.0NRT,283.9,15.4,D,0.10535193393912112,0.16874637459660646
Romania,47.633,27.175,311.8,1.3,1.1,2020-01-22,1050,A,72,6.0NRT,284.4,18.2,D,0.1942151468815442,0.28306400012538696
Romania,47.643,27.171,301.9,1.3,1.1,2020-01-22,1050,A,49,6.0NRT,283.9,8.4,D,-0.022363526311446762,0.00436299995125654
Romania,47.681,27.209,324.7,1.3,1.1,2020-01-22,1050,A,83,6.0NRT,283.6,34,D,0.3888830864024008,0.6751127948856545
Romania,47.683,27.219,302.4,1.3,1.1,2020-01-22,1050,A,29,6.0NRT,282.3,7.9,D,-0.11885521883143993,0.02853335031012855
Romania,47.68,27.203,315.9,1.3,1.1,2020-01-22,1050,A,76,6.0NRT,283.8,21.5,D,0.22854010279961898,0.4051040298570698
Moldova Republic of,48.42,27.072,304.1,1.3,1.1,2020-01-22,1050,A,58,6.0NRT,274.3,13.6,D,-0.6170181333898946,0.19939042617602107
Turkey,37.672,29.732,304.9,1.6,1.2,2020-01-22,1045,A,43,6.0NRT,281.8,18,D,-0.2284095443017007,-0.36840125164048276
Turkey,39.206,33.036,306.8,1.1,1,2020-01-22,1045,A,64,6.0NRT,282,10.4,D,0.781214662497967,-0.5676014182645805
Algeria,36.683,4.641,304,1.2,1.1,2020-01-22,1045,T,58,6.0NRT,282.8,10.1,D,0.6040290544224161,-1.8871119977331778
United Kingdom,55.504,-2.035,315.7,1.3,1.1,2020-01-22,1230,A,76,6.0NRT,281.6,24.7,D,-0.19278311023054157,-0.2117786368336635
Bulgaria,42.929,22.966,338.2,1.1,1.1,2020-01-22,2015,T,100,6.0NRT,271.3,55.4,N,0.09142305020459483,-0.03389642375022951
Bulgaria,42.927,22.953,300.6,1.1,1.1,2020-01-22,2015,T,24,6.0NRT,268.5,10.7,N,-0.804574585194303,-1.1256359775863651
Bulgaria,42.939,22.964,302.6,1.1,1.1,2020-01-22,2015,T,41,6.0NRT,271.8,11.9,N,-0.560473314223947,-1.089318630170132
Bulgaria,42.936,22.95,319.7,1.1,1.1,2020-01-22,2015,T,99,6.0NRT,270.6,27.8,N,-0.32030498821649683,-0.6007263530782613
Moldova Republic of,45.91,28.399,335.9,1.2,1.1,2020-01-22,2015,T,100,6.0NRT,273.4,52.3,N,-0.06644986873015525,0.4204506516862539
Algeria,35.807,-0.26,306.9,1.3,1.1,2020-01-22,2150,T,69,6.0NRT,279.8,15.5,N,0.19108885017893565,-2.623630206467267
Romania,45.302,29.465,308.7,1.2,1.1,2020-01-23,0025,A,75,6.0NRT,272,16.8,N,-0.24431971457089247,0.6897601404371141
Romania,45.293,29.462,303.5,1.2,1.1,2020-01-23,0025,A,26,6.0NRT,273.2,12.2,N,-0.26336020824476686,0.5363979601401704
North Macedonia,41.445,21.948,304.3,1.1,1,2020-01-23,0025,A,59,6.0NRT,270.1,13.7,N,0.13921471584601344,-0.25208570657902285
Ukraine,46.519,32.457,317.7,2.7,1.6,2020-01-23,0810,T,0,6.0NRT,267.4,76.1,D,-3.3782637888443783,2.3319631470304625
Ukraine,46.517,32.492,327.9,2.6,1.6,2020-01-23,0810,T,61,6.0NRT,269.7,120.8,D,-2.862630735723572,2.728851131920639
Ukraine,46.513,32.485,312.2,2.6,1.6,2020-01-23,0810,T,22,6.0NRT,268.4,53.2,D,-3.3630412098661306,2.04513289208346
Romania,44.985,29.434,328.7,3.8,1.8,2020-01-23,0810,T,62,6.0NRT,274.6,212,D,-3.9776641059663342,3.6698659717110895
Romania,44.979,29.428,327.5,3.8,1.8,2020-01-23,0810,T,56,6.0NRT,273.4,194.2,D,-4.115942400660651,3.564147674801549
Ukraine,46.776,32.783,310.6,3.8,1.8,2020-01-23,0950,T,61,6.0NRT,271.5,97,D,-4.87255696468956,2.9263339019617964
Bosnia and Herzegovina,43.083,18.367,327,1,1,2020-01-23,0950,T,85,6.0NRT,282.7,28.6,D,1.1732201530880508,-0.2781306349668614
Bosnia and Herzegovina,43.081,18.379,321.2,1,1,2020-01-23,0950,T,81,6.0NRT,281.4,21.9,D,0.9804522794058076,-0.4402953172527276
Bosnia and Herzegovina,42.876,18.264,325.1,1,1,2020-01-23,0950,T,84,6.0NRT,285,26.3,D,1.2921898203512328,-0.3697642303646057
Montenegro,42.708,19.19,302.3,1.1,1,2020-01-23,0950,T,50,6.0NRT,283.6,8.9,D,0.6992630690507587,-0.919722723284454
Montenegro,42.706,19.203,306.9,1.1,1,2020-01-23,0950,T,64,6.0NRT,282.5,12.2,D,0.7122174067288927,-0.7878662922887734
North Macedonia,41.442,21.947,313.4,1.4,1.2,2020-01-23,0950,T,74,6.0NRT,280.9,25.7,D,-0.07501469003722634,-0.16038974064584208
Greece,40.703,22.647,304.1,1.6,1.3,2020-01-23,0950,T,34,6.0NRT,283.7,13.2,D,-0.5317565279195964,-0.2725411999115211
Greece,40.708,22.622,301.6,1.6,1.2,2020-01-23,0950,T,44,6.0NRT,283.6,10.9,D,-0.29332268550116747,-0.47526490578144626
Greece,40.701,22.659,306.1,1.6,1.3,2020-01-23,0950,T,63,6.0NRT,283.6,16.8,D,-0.49687834052724206,-0.20707394768594287
Greece,40.668,22.648,324,1.6,1.3,2020-01-23,0950,T,83,6.0NRT,285.4,47.1,D,-0.017372147673483985,0.34839288992628215
Greece,40.664,22.666,301.3,1.6,1.3,2020-01-23,0950,T,46,6.0NRT,283.8,11.2,D,-0.5740510884550433,-0.3519534823060076
Greece,40.609,22.647,317.6,1.6,1.3,2020-01-23,0950,T,57,6.0NRT,284.6,30.4,D,-0.20974590224966727,0.1168717980197593
Greece,40.61,22.641,322.9,1.6,1.3,2020-01-23,0950,T,82,6.0NRT,284.9,43.7,D,-0.07256297130835562,0.3036723278375584
Greece,40.599,22.638,313.1,1.6,1.3,2020-01-23,0950,T,73,6.0NRT,284.1,24.6,D,-0.32806749795549917,-0.01613353737875709
Greece,40.588,22.693,306.8,1.6,1.3,2020-01-23,0950,T,64,6.0NRT,285,17.2,D,-0.39086129528214486,-0.20486966532498468
Greece,40.577,22.75,300.1,1.6,1.3,2020-01-23,0950,T,14,6.0NRT,284.5,9.6,D,-0.5494309674603516,-0.39612721774157694
Greece,40.566,22.626,300.8,1.6,1.3,2020-01-23,0950,T,41,6.0NRT,284.3,10.5,D,-0.5476773955695586,-0.3802905377992727
Greece,40.555,22.682,321.9,1.6,1.3,2020-01-23,0950,T,81,6.0NRT,284.6,42.5,D,-0.1084260838165453,0.2727697013422931
Greece,40.551,22.701,308.8,1.6,1.3,2020-01-23,0950,T,68,6.0NRT,283.4,20.5,D,-0.45027624993168486,-0.13560325158784073
Turkey,37.907,30.325,300,1.6,1.2,2020-01-23,1130,A,22,6.0NRT,287.1,8.8,D,-0.04011353819886609,-0.5549676157587204
Turkey,37.602,27.448,315.8,1.1,1.1,2020-01-23,1130,A,66,6.0NRT,288.5,18.7,D,1.1244151085893337,-0.6381190413689352
Turkey,37.906,30.319,301.2,1.6,1.2,2020-01-23,1130,A,42,6.0NRT,287.1,9.7,D,-0.018388222784296276,-0.5224427261125705
Turkey,38.561,27.712,300.2,1.2,1.1,2020-01-23,1130,A,30,6.0NRT,284.9,6.6,D,0.47395509603354147,-0.9078188374127332
Turkey,39.135,26.88,311.8,1.1,1.1,2020-01-23,1130,A,72,6.0NRT,287.5,13.8,D,0.9181776337203883,-0.640081433980986
Greece,38.856,22.509,305,1,1,2020-01-23,1130,A,51,6.0NRT,288.9,8.1,D,1.296872610110387,-1.2222301317798216
Greece,38.883,22.502,304.5,1,1,2020-01-23,1130,A,59,6.0NRT,289.1,6.7,D,1.296884280256161,-1.239752713772684
Greece,39.058,22.258,304.2,1.1,1,2020-01-23,1130,A,58,6.0NRT,289.7,6.4,D,1.2261645411500444,-1.2029775951397728
Greece,39.131,22.432,319.5,1,1,2020-01-23,1130,A,79,6.0NRT,287.3,20.3,D,1.4484097354976186,-0.788970209495241
Greece,40.537,22.648,329.1,1,1,2020-01-23,1130,A,81,6.0NRT,286.3,28.9,D,1.4986668737655973,-0.38107294781533946
Greece,40.54,22.604,309,1,1,2020-01-23,1130,A,38,6.0NRT,284.8,8.8,D,1.0285915057665387,-0.948176415371141
Greece,40.611,22.83,302.9,1,1,2020-01-23,1130,A,51,6.0NRT,283.3,6.6,D,0.8251896789279871,-1.0799228277647757
Greece,40.61,22.818,303.4,1,1,2020-01-23,1130,A,56,6.0NRT,284.5,7,D,0.9104654156303272,-1.0734641246936292
Greece,40.597,22.675,315,1,1,2020-01-23,1130,A,75,6.0NRT,286.7,14.2,D,1.2568118487874917,-0.7823284026605661
Greece,40.595,22.663,305.5,1,1,2020-01-23,1130,A,62,6.0NRT,285.9,6.9,D,1.0342958625228993,-1.0395169016002754
Greece,40.649,22.655,304.4,1,1,2020-01-23,1130,A,59,6.0NRT,285.3,6.5,D,0.9750473283016564,-1.0598722382760233
Greece,40.669,22.723,304.3,1,1,2020-01-23,1130,A,58,6.0NRT,285.5,7,D,0.9862040536318755,-1.0564207919492319
Greece,40.649,22.594,314.2,1,1,2020-01-23,1130,A,74,6.0NRT,286.8,13.1,D,1.245470580984149,-0.8059857987617024
Greece,40.667,22.65,330.4,1,1,2020-01-23,1130,A,87,6.0NRT,288,30.5,D,1.6256939103490735,-0.34060536678258924
Greece,41.041,23.484,305,1,1,2020-01-23,1130,A,60,6.0NRT,288.7,6.5,D,1.1803229136286204,-0.9951491854010156
Greece,41.236,23.3,308.8,1,1,2020-01-23,1130,A,51,6.0NRT,285.8,9.5,D,1.057326829288529,-0.8646710481917629
Greece,41.234,23.288,339.6,1,1,2020-01-23,1130,A,80,6.0NRT,287.2,43.9,D,1.7294943489379675,0.023044336592664905
North Macedonia,41.602,22.96,323.1,1,1,2020-01-23,1130,A,82,6.0NRT,279.4,24.4,D,0.9045481820102568,-0.399684171613026
Albania,41.366,20.063,302.6,1.2,1.1,2020-01-23,1130,A,52,6.0NRT,281.1,9,D,0.17875383747162774,-0.8945941643207197
Bulgaria,42.215,25.735,305.1,1.1,1,2020-01-23,1130,A,61,6.0NRT,285.1,8.7,D,0.8032704563832349,-0.7201381193157499
Bulgaria,42.207,25.158,305.6,1.1,1,2020-01-23,1130,A,62,6.0NRT,284.3,8.8,D,0.7631556542183211,-0.7283232798187095
Bulgaria,42.323,25.786,302.8,1.1,1,2020-01-23,1130,A,42,6.0NRT,282.9,6.7,D,0.6166095300281595,-0.7603712443737151
Bulgaria,42.321,25.773,305.2,1.1,1,2020-01-23,1130,A,51,6.0NRT,283,8.4,D,0.6661642262166775,-0.6963932602476149
Bulgaria,42.32,25.759,345.2,1.1,1,2020-01-23,1130,A,94,6.0NRT,283.2,61.9,D,1.4577081935004366,0.5069642113018679
Bulgaria,42.329,25.757,315.6,1.1,1,2020-01-23,1130,A,76,6.0NRT,284.1,17.2,D,0.925770908202758,-0.413052200718649
North Macedonia,41.9,22.416,314.3,1,1,2020-01-23,1130,A,75,6.0NRT,281.6,15.8,D,0.8689969370372558,-0.6592125338336619
Bulgaria,42.213,24.495,301.9,1,1,2020-01-23,1130,A,49,6.0NRT,284.7,5.7,D,0.819107159557712,-0.9045809720043329
Bulgaria,42.242,24.501,318.5,1,1,2020-01-23,1130,A,79,6.0NRT,286.2,17.4,D,1.2107713032485505,-0.45906689640961723
Bulgaria,42.24,24.489,312.3,1,1,2020-01-23,1130,A,72,6.0NRT,285.4,11.9,D,1.0461941529258314,-0.6290208009709282
Bulgaria,42.261,24.509,310.5,1,1,2020-01-23,1130,A,48,6.0NRT,285.9,9.8,D,1.0426064137950408,-0.6819414469523776
North Macedonia,41.916,21.621,303,1,1,2020-01-23,1130,A,54,6.0NRT,278.7,8.7,D,0.4863353375280528,-0.9781715431296482
North Macedonia,41.914,21.608,339.1,1,1,2020-01-23,1130,A,91,6.0NRT,280.1,48.1,D,1.2566508061901442,0.059443104835743284
Bulgaria,42.706,27.19,304.4,1.3,1.1,2020-01-23,1130,A,59,6.0NRT,283.3,11.2,D,0.17369180888440572,-0.39085012093536636
Bulgaria,42.662,25.879,308.5,1.1,1.1,2020-01-23,1130,A,65,6.0NRT,283.2,11.6,D,0.4336443414124988,-0.43706340852081005
Bulgaria,42.671,25.877,301,1.1,1.1,2020-01-23,1130,A,11,6.0NRT,279.6,5.8,D,0.0691295426074079,-0.6223177458687575
Bulgaria,43.323,25.432,301,1.1,1,2020-01-23,1130,A,44,6.0NRT,281.5,7.8,D,0.458117909254773,-0.7173696432699492
Montenegro,42.677,19.921,300.8,1.1,1.1,2020-01-23,1130,A,36,6.0NRT,279.6,8.7,D,0.09229587265827781,-0.8648845014276785
Montenegro,42.686,19.919,306.1,1.1,1.1,2020-01-23,1130,A,59,6.0NRT,281.1,13.3,D,0.28421531099728514,-0.7245477920541833
Montenegro,42.708,19.204,308.7,1.2,1.1,2020-01-23,1130,A,67,6.0NRT,282.5,16.4,D,0.3278710922828587,-0.6405094716185947
Montenegro,42.705,19.189,315.3,1.2,1.1,2020-01-23,1130,A,76,6.0NRT,285.1,22.8,D,0.6155866430528854,-0.46851831558440793
Romania,43.713,24.565,336.9,1.1,1,2020-01-23,1130,A,90,6.0NRT,283.3,44,D,1.2282877810502653,0.2966582773844195
Bulgaria,43.588,22.951,301.4,1,1,2020-01-23,1130,A,47,6.0NRT,281.9,6.5,D,0.5795355736912381,-0.8413710140456598
Bosnia and Herzegovina,43.081,18.51,301.1,1.3,1.1,2020-01-23,1130,A,44,6.0NRT,282.8,9.6,D,0.09659497577421691,-0.8083760858214064
Bosnia and Herzegovina,43.075,18.366,318.6,1.3,1.1,2020-01-23,1130,A,78,6.0NRT,284.3,25.6,D,0.5153016950525326,-0.3307250495555976
Romania,43.962,23.937,338.5,1,1,2020-01-23,1130,A,91,6.0NRT,282.2,44.9,D,1.2739585145660615,0.29697799848518347
Bosnia and Herzegovina,43.076,18.377,316,1.3,1.1,2020-01-23,1130,A,72,6.0NRT,282.4,22,D,0.343804270277623,-0.39838049771683787
Bosnia and Herzegovina,43.073,18.361,310,1.3,1.1,2020-01-23,1130,A,42,6.0NRT,284.8,15.2,D,0.38234370252829425,-0.5878955165020978
Romania,43.971,23.935,332.9,1,1,2020-01-23,1130,A,88,6.0NRT,282.2,36.2,D,1.1616178581327625,0.12331832259934784
Bosnia and Herzegovina,43.271,18.079,301.4,1.3,1.1,2020-01-23,1130,A,47,6.0NRT,280.6,10.7,D,-0.04239671458981594,-0.7852025528794006
Bosnia and Herzegovina,43.335,18.201,312.9,1.3,1.1,2020-01-23,1130,A,73,6.0NRT,281.1,22,D,0.20012014367380385,-0.4497816989969737
Serbia,44.112,22.476,310.4,1,1,2020-01-23,1130,A,70,6.0NRT,281.5,12.9,D,0.6941406548644911,-0.5682462983222245
Romania,44.611,25.513,300.1,1.1,1.1,2020-01-23,1130,A,28,6.0NRT,283,7,D,0.1883166474141305,-0.5021171313084514
Romania,44.708,25.275,321.4,1.1,1.1,2020-01-23,1130,A,81,6.0NRT,282.5,25.4,D,0.5434359679435783,0.0938590436675905
Romania,45.008,26.51,301.7,1.3,1.1,2020-01-23,1130,A,49,6.0NRT,282.5,8.9,D,-0.026163955484982588,-0.28784884977841324
Romania,44.909,24.808,302,1.1,1,2020-01-23,1130,A,48,6.0NRT,280.6,8.5,D,0.3507809736025493,-0.5720281903639869
Romania,44.869,24.033,311.8,1,1,2020-01-23,1130,A,72,6.0NRT,282.1,14.6,D,0.7203593378872768,-0.3978274567558482
Romania,44.749,23.126,300.5,1,1,2020-01-23,1130,A,38,6.0NRT,280.9,6.7,D,0.44997727464025533,-0.7467885107750557
Romania,44.78,22.891,304,1,1,2020-01-23,1130,A,58,6.0NRT,282.1,8.5,D,0.5866735302891135,-0.6687427262481791
Romania,44.828,22.767,308.9,1,1,2020-01-23,1130,A,68,6.0NRT,282.3,11.7,D,0.6849447130699274,-0.538900513478122
Romania,45.611,26.953,310,1.3,1.1,2020-01-23,1130,A,69,6.0NRT,279.5,19.3,D,-0.08469980535665844,0.04761525153444448
Romania,46.049,27.383,328.1,1.4,1.2,2020-01-23,1130,A,85,6.0NRT,280.8,49.4,D,-0.043758041669050556,0.8456783372206619
Moldova Republic of,46.18,28.578,303.7,1.6,1.3,2020-01-23,1130,A,49,6.0NRT,272.8,19.7,D,-1.5123766844037927,0.4508206259903655
Moldova Republic of,46.86,28.584,306.2,1.7,1.3,2020-01-23,1130,A,63,6.0NRT,279.1,22,D,-1.193037672867722,0.5895114744875664
Romania,46.416,23.321,306.3,1,1,2020-01-23,1130,A,63,6.0NRT,277.4,11.8,D,0.2600262375756089,-0.40985413513674834
Romania,46.414,23.307,306.3,1,1,2020-01-23,1130,A,63,6.0NRT,277.2,11.7,D,0.2472353580051902,-0.4099623056075772
Hungary,47.045,19.851,302.3,1,1,2020-01-23,1130,A,52,6.0NRT,278.6,8.5,D,0.24680877583940136,-0.6189643586135205
Algeria,35.806,-0.247,304,1,1,2020-01-23,1310,A,35,6.0NRT,289.3,4.8,D,1.4719926645870913,-2.585567752715662
Algeria,35.804,-0.258,319.4,1,1,2020-01-23,1310,A,75,6.0NRT,291,16.6,D,1.8585232143959831,-2.172827615291652
Spain,39.655,-2.809,304.8,1.1,1,2020-01-23,1310,A,57,6.0NRT,281,8.7,D,0.7097484186876214,-2.2276608007731857
Romania,45.27,29.487,301.4,2.3,1.5,2020-01-23,1920,T,38,6.0NRT,269,32,N,-3.150226207359462,0.5737987156739697
Albania,40.602,20.216,300.3,1.3,1.1,2020-01-23,2055,T,24,6.0NRT,269.7,13.6,N,-0.838643208751885,-1.3969076297794365
Romania,44.992,29.445,309.1,4.7,2,2020-01-23,2055,T,76,6.0NRT,268.7,141.1,N,-6.567781012567901,2.863889574473833
Romania,44.989,29.437,305.1,4.7,2,2020-01-23,2055,T,63,6.0NRT,268.6,117.6,N,-6.69565501984923,2.6586765098902534
Austria,48.279,14.332,316,1,1,2020-01-23,2055,T,92,6.0NRT,273.5,19.9,N,-0.06829506846502936,-0.8505218296969296
Germany,52.155,10.396,302.7,1,1,2020-01-23,2100,T,51,6.0NRT,273.6,10.6,N,-0.460894678310287,-1.0422726527331945
Algeria,35.811,-0.267,301.7,2,1.4,2020-01-23,2235,T,44,6.0NRT,281.2,21.7,N,-1.3702649583392075,-2.067105213726176
Italy,38.796,15.221,321.9,1.1,1,2020-01-24,0110,A,91,6.0NRT,279.9,0,N,1.1193850619466936,-0.5106354641925807
Bosnia and Herzegovina,44.223,16.304,307.8,1,1,2020-01-24,0105,A,72,6.0NRT,268,14.8,N,0.025492217716853012,-0.22738428424948487
North Macedonia,41.443,21.942,325.9,2.1,1.4,2020-01-24,0105,A,100,6.0NRT,266.9,90.5,N,-1.6858875391542252,1.567138111856006
North Macedonia,41.444,21.935,315.7,2.1,1.4,2020-01-24,0105,A,92,6.0NRT,266.4,60.1,N,-1.956658375569288,1.1842662112309024
North Macedonia,41.439,21.959,306.5,2.1,1.4,2020-01-24,0105,A,68,6.0NRT,266.5,40.2,N,-2.147625329403419,0.8716649253732471
Ukraine,49.037,29.421,305.9,1.2,1.1,2020-01-24,0850,T,62,6.0NRT,275,13.7,D,-0.47308808745489483,0.4556443848368214
Ukraine,48.145,29.988,310.9,1.1,1.1,2020-01-24,0850,T,71,6.0NRT,274.8,15.1,D,-0.26732275062799704,0.4846242147879729
Ukraine,48.143,30.003,302.8,1.1,1.1,2020-01-24,0850,T,54,6.0NRT,274.6,9,D,-0.4262414793514679,0.2642428744102257
Ukraine,46.482,30.128,335.5,1.1,1,2020-01-24,0855,T,90,6.0NRT,278.2,44.4,D,0.7810068592552493,0.9127145826725451
Ukraine,46.48,30.141,312.6,1.1,1,2020-01-24,0855,T,73,6.0NRT,276.6,16.9,D,0.2412854233498859,0.2467349947190022
Romania,44.964,28.721,355,1.1,1.1,2020-01-24,0855,T,85,6.0NRT,281.4,91.9,D,1.1961292586089471,1.5213170874249133
Romania,44.962,28.736,319.1,1.1,1.1,2020-01-24,0855,T,69,6.0NRT,279.3,23.9,D,0.31579668348484163,0.35875491155770467
Turkey,38.427,28.393,340,1,1,2020-01-24,0855,T,92,6.0NRT,281.7,47.4,D,1.542055223759712,0.18898868511735636
Turkey,37.56,28.986,322.6,1,1,2020-01-24,0855,T,82,6.0NRT,281.6,23.1,D,1.2309112548786565,-0.39067327906242894
Turkey,37.558,28.997,318.6,1,1,2020-01-24,0855,T,79,6.0NRT,281,19.1,D,1.11829252608296,-0.5012251136375095
Turkey,37.714,27.388,310.3,1.1,1,2020-01-24,0855,T,70,6.0NRT,283.3,13.4,D,1.017781720201165,-0.7497228323471561
Turkey,37.713,27.4,300.7,1.1,1,2020-01-24,0855,T,41,6.0NRT,281.9,6.5,D,0.7564307226090935,-1.0029534116278256
Bosnia and Herzegovina,44.215,16.313,301.9,2.3,1.5,2020-01-24,1030,T,50,6.0NRT,281.8,25.2,D,-2.081270677702899,0.31467135046684386
Bosnia and Herzegovina,43.306,18.336,301.9,3.2,1.7,2020-01-24,1030,T,50,6.0NRT,280.1,40.2,D,-3.567516258401393,1.057024522287243
Algeria,36.79,7.694,304.4,1.2,1.1,2020-01-24,1035,T,59,6.0NRT,291.2,7.3,D,1.0906413586287802,-1.793080836556889
Algeria,36.875,6.946,300.9,1.1,1.1,2020-01-24,1035,T,37,6.0NRT,288.9,4.7,D,0.9765912546451359,-1.943670501223566
Algeria,36.869,6.983,309.1,1.1,1.1,2020-01-24,1035,T,68,6.0NRT,289.5,10.8,D,1.1626852127758796,-1.721657328906462
Algeria,35.812,-0.268,303,1.4,1.2,2020-01-24,1035,T,0,6.0NRT,287.8,8.4,D,0.44102264385705703,-2.0054367196391656
Romania,45.198,29.191,301.9,1.6,1.3,2020-01-24,1035,A,0,6.0NRT,277.8,17.4,D,-1.1859391963825971,0.35730155104645017
Romania,45.234,29.021,305,1.7,1.3,2020-01-24,1035,A,0,6.0NRT,277.7,20.2,D,-1.23244067823016,0.4846081736501473
Ukraine,46.503,32.462,303.9,1.1,1.1,2020-01-24,1035,A,0,6.0NRT,277,11.4,D,-0.2239978875234964,0.15204611902304355
Ukraine,46.481,30.121,335.2,1.4,1.2,2020-01-24,1035,A,84,6.0NRT,279.9,62,D,0.019348567267154254,1.2817329179501815
Ukraine,46.491,30.117,301.3,1.4,1.2,2020-01-24,1035,A,17,6.0NRT,279.9,10.4,D,-0.6561966308416315,0.2318743642815091
Romania,46.521,28.106,305,1.7,1.3,2020-01-24,1035,A,60,6.0NRT,281,20.2,D,-1.0771318245063195,0.5405403473433421
Ukraine,47.861,33.212,303.1,1,1,2020-01-24,1035,A,55,6.0NRT,276.6,9.4,D,0.05748381664320823,0.10115927698410263
Ukraine,47.429,29.995,342.1,1.3,1.1,2020-01-24,1035,A,93,6.0NRT,282.1,76.7,D,0.6521470023492242,1.404953605060796
Moldova Republic of,47.574,29.182,303.7,1.4,1.2,2020-01-24,1035,A,57,6.0NRT,280.6,13,D,-0.6114284221916177,0.35312177608328854
Moldova Republic of,47.588,29.196,314.9,1.4,1.2,2020-01-24,1035,A,75,6.0NRT,278.5,26.9,D,-0.529831975995054,0.6991781357953629
Moldova Republic of,47.584,29.177,331.2,1.4,1.2,2020-01-24,1035,A,87,6.0NRT,281.3,56.3,D,-0.016319635935080838,1.2088039698025488
Romania,47.278,27.55,301.5,1.8,1.3,2020-01-24,1035,A,47,6.0NRT,281.2,15.5,D,-1.2605593683558856,0.5205946632514601
Albania,40.727,20.266,308.5,1.9,1.4,2020-01-24,1215,A,67,6.0NRT,285.3,26.3,D,-0.9701676108986529,-0.0845543849847492
Albania,40.98,19.729,308.8,1.8,1.3,2020-01-24,1215,A,68,6.0NRT,288.1,21.3,D,-0.42191738291918013,-0.2927874596898279
Italy,40.934,15.596,300.3,1.1,1.1,2020-01-24,1215,A,35,6.0NRT,287.1,5.5,D,0.6099241442711276,-1.3126698103627388
Italy,41.785,15.911,301,1.2,1.1,2020-01-24,1215,A,43,6.0NRT,284.2,8,D,0.30843898491362076,-1.1361391435804173
Montenegro,42.712,19.203,304.8,1.8,1.3,2020-01-24,1215,A,48,6.0NRT,280.1,20.8,D,-1.0704377543040065,-0.21553151887932173
Montenegro,42.711,19.185,321.7,1.8,1.3,2020-01-24,1215,A,81,6.0NRT,286.2,51.1,D,-0.3358533499534342,0.2943511288332756
Montenegro,42.769,19.463,336.9,1.8,1.3,2020-01-24,1215,A,90,6.0NRT,280.5,99.3,D,-0.3376335022285678,0.9312602405871473
Montenegro,42.768,19.445,321.5,1.8,1.3,2020-01-24,1215,A,81,6.0NRT,283,51.2,D,-0.5451930456747655,0.3240654414952983
Montenegro,42.859,19.772,302.2,1.9,1.4,2020-01-24,1215,A,51,6.0NRT,282.4,21.1,D,-1.3617598402935949,-0.07634926085152709
Kosovo,43.105,21.025,302.2,2.3,1.5,2020-01-24,1215,A,48,6.0NRT,282.5,23.9,D,-2.039687913196452,0.31756049384744844
Bosnia and Herzegovina,43.106,18.642,303,1.7,1.3,2020-01-24,1215,A,50,6.0NRT,279.9,16.5,D,-1.0421020189356656,-0.31017476964111196
Bosnia and Herzegovina,43.105,18.624,301.6,1.7,1.3,2020-01-24,1215,A,33,6.0NRT,284.9,12.8,D,-0.7565586674555839,-0.38988253140742657
Bosnia and Herzegovina,43.101,18.586,304.5,1.7,1.3,2020-01-24,1215,A,58,6.0NRT,283.4,14.7,D,-0.7997043253926893,-0.3052501770135808
Bosnia and Herzegovina,43.318,18.329,307.8,1.6,1.3,2020-01-24,1215,A,66,6.0NRT,280.9,20.2,D,-0.8039190362301585,-0.22210487357176042
Bosnia and Herzegovina,43.316,18.31,315.1,1.6,1.3,2020-01-24,1215,A,75,6.0NRT,283.1,30.8,D,-0.52009603191103,-0.01162900399227948
Bosnia and Herzegovina,44.224,16.305,301.2,1.3,1.1,2020-01-24,1215,A,45,6.0NRT,280.7,9.3,D,-0.112715386804611,-0.8307527990395742
Serbia,45.069,20.996,301.9,2.4,1.5,2020-01-24,1215,A,49,6.0NRT,281.2,25.6,D,-2.3060322678550804,0.5408128569777323
Serbia,45.063,20.992,303.6,2.4,1.5,2020-01-24,1215,A,56,6.0NRT,280.8,27.6,D,-2.2986850864140798,0.5923108682488671
Ukraine,48.9,24.164,301.8,3.8,1.8,2020-01-24,1215,A,49,6.0NRT,279,54.6,D,-4.777775616201689,2.1646722845584296
Ukraine,49.531,23.622,302.1,3.6,1.8,2020-01-24,1215,A,51,6.0NRT,277.5,53.7,D,-4.7039044727913435,2.1213831934703262
Algeria,35.798,-0.251,302.3,3.1,1.7,2020-01-24,1350,A,39,6.0NRT,288.7,19,D,-2.649222787550886,-0.7533295325891285
Romania,44.939,29.506,312.4,1,1,2020-01-24,2000,T,85,6.0NRT,273.4,16.1,N,-0.04182939744760322,-0.5570352516715597
Romania,45.079,29.522,304.3,1,1,2020-01-24,2000,T,59,6.0NRT,273,11.6,N,-0.21586302514997513,-0.756295009720397
Romania,45.078,29.509,303.8,1,1,2020-01-24,2000,T,57,6.0NRT,272.7,11.2,N,-0.24388811255095452,-0.7690544309191851
Ukraine,47.221,30.84,316.4,1.1,1.1,2020-01-24,2000,T,93,6.0NRT,268.3,24.9,N,-0.7718595696517427,0.041279336704845744
Algeria,35.805,-0.249,304.8,1.9,1.3,2020-01-24,2140,T,62,6.0NRT,283.7,23.5,N,-0.7668706898527964,-2.1255302455439007
Romania,45.079,29.527,327.6,1,1,2020-01-25,0010,A,100,6.0NRT,273,31.6,N,0.6257548971375537,0.979090308866445
Romania,45.077,29.54,324.7,1,1,2020-01-25,0010,A,100,6.0NRT,273.3,27.9,N,0.5887977611104647,0.8912342385151725
Romania,45.005,29.524,325.4,1,1,2020-01-25,0010,A,100,6.0NRT,273.2,29.3,N,0.6004455565901785,0.9080411562098478
Romania,45.003,29.537,323.5,1,1,2020-01-25,0010,A,100,6.0NRT,274.1,27.1,N,0.6214028963598787,0.8476936609977598
North Macedonia,41.444,21.945,319.5,1.5,1.2,2020-01-25,0010,A,99,6.0NRT,268.9,42.6,N,-0.6165011110211356,0.7022949729421497
Ukraine,49.363,26.653,308.3,1.2,1.1,2020-01-25,0935,T,67,6.0NRT,275.5,16.2,D,-0.4353418136087908,0.3909674972006694
Ukraine,49.522,23.687,306.9,1,1,2020-01-25,0935,T,64,6.0NRT,276.2,11.9,D,0.06222458100710134,0.002589925026756012
Ukraine,48.265,30.131,306.2,1.8,1.3,2020-01-25,0935,T,63,6.0NRT,278.1,23.7,D,-1.4088269752594613,0.9379210960111067
Ukraine,49.103,23.625,302.4,1,1,2020-01-25,0935,T,52,6.0NRT,276.5,9.2,D,0.02041488915932976,-0.15867697409869516
Czechia,49.673,18.659,300.1,1.2,1.1,2020-01-25,0935,T,27,6.0NRT,272.8,10.8,D,-0.7401054215291589,-0.1256694697478039
Ukraine,46.12,29.109,300.8,1.8,1.3,2020-01-25,0935,T,42,6.0NRT,281.9,15.8,D,-1.176207623486763,0.5187802688314926
Romania,46.19,26.651,306.2,1.4,1.2,2020-01-25,0935,T,63,6.0NRT,281.3,15.4,D,-0.44651333928470527,0.2447322450889278
Romania,44.465,23.421,301.9,1.1,1,2020-01-25,0935,T,43,6.0NRT,282.4,8.1,D,0.4937031187670136,-0.5819109662103192
Romania,44.361,22.586,312.2,1,1,2020-01-25,0935,T,72,6.0NRT,284.8,13.9,D,0.930790021074534,-0.41039838736370443
Bulgaria,43.642,26.331,304.6,1.5,1.2,2020-01-25,0935,T,59,6.0NRT,282.2,14.8,D,-0.39918098283218467,0.0046345708509138335
Bulgaria,43.246,25.338,315.3,1.4,1.2,2020-01-25,0935,T,76,6.0NRT,286.5,23.6,D,0.18560099264637608,0.15663293145148205
North Macedonia,41.606,22.891,317.4,1.1,1.1,2020-01-25,0935,T,70,6.0NRT,284.1,20.2,D,0.7197751330379437,-0.30641217789554176
North Macedonia,41.597,22.889,318.3,1.1,1.1,2020-01-25,0935,T,78,6.0NRT,283.7,22,D,0.713773392172126,-0.27513877831593003
North Macedonia,41.594,22.902,312.6,1.1,1.1,2020-01-25,0935,T,73,6.0NRT,281.8,16.1,D,0.4865487914495879,-0.4278501474390655
Greece,40.554,22.642,301.4,1.3,1.1,2020-01-25,1120,A,40,6.0NRT,286.6,6.4,D,0.40198219634416377,-0.8787583892106019
Greece,40.553,22.637,307.2,1.3,1.1,2020-01-25,1120,A,65,6.0NRT,287,11,D,0.5327109459592893,-0.7212889938574043
Turkey,41.191,26.391,303.2,1,1,2020-01-25,1120,A,55,6.0NRT,286.5,6.2,D,0.9635497673045905,-0.8847213266118178
Greece,40.614,22.633,308,1.3,1.1,2020-01-25,1120,A,66,6.0NRT,287.7,12,D,0.5898237915344904,-0.6962573946613475
Greece,41.054,25.183,301.2,1,1,2020-01-25,1120,A,43,6.0NRT,288.7,4.3,D,1.0760693729738136,-1.0168817398237744
Greece,40.65,22.714,310.3,1.3,1.1,2020-01-25,1120,A,70,6.0NRT,286.8,14.3,D,0.5737874775492173,-0.6189219473014882
Greece,40.647,22.7,307.6,1.3,1.1,2020-01-25,1120,A,66,6.0NRT,287.3,11.9,D,0.5560344803871132,-0.6982920571671598
Greece,41.055,25.069,300.3,1,1,2020-01-25,1120,A,23,6.0NRT,287.3,3.2,D,0.9703396338574931,-1.040363310046303
Greece,41.549,26.56,302,1,1,2020-01-25,1120,A,50,6.0NRT,287.8,5,D,1.0071969809290544,-0.8876718086817261
Greece,41.547,26.549,302.9,1,1,2020-01-25,1120,A,54,6.0NRT,287.8,5.4,D,1.0229039591811193,-0.8649456273710845
Albania,40.776,20.764,318.6,1.6,1.2,2020-01-25,1120,A,79,6.0NRT,285.9,33.2,D,0.11822904383953643,-0.13562907008931555
Albania,40.772,20.746,310.3,1.6,1.2,2020-01-25,1120,A,70,6.0NRT,287.1,20.8,D,0.029841857502223977,-0.3996281943089721
Bulgaria,41.934,26.16,300.3,1,1,2020-01-25,1120,A,33,6.0NRT,288.6,4.1,D,1.0124214814060652,-0.9200375186134896
North Macedonia,41.586,22.904,303.5,1.2,1.1,2020-01-25,1120,A,26,6.0NRT,282.6,8.1,D,0.23615913353173507,-0.7399279138512178
North Macedonia,41.596,22.901,314.6,1.2,1.1,2020-01-25,1120,A,75,6.0NRT,283.8,18.3,D,0.5167243918257294,-0.43317087644406777
North Macedonia,41.593,22.887,346.9,1.2,1.1,2020-01-25,1120,A,95,6.0NRT,288.8,74.8,D,1.4949709658580628,0.5730187411754238
North Macedonia,41.443,21.938,316.1,1.3,1.1,2020-01-25,1120,A,76,6.0NRT,283.1,25.1,D,0.4268328630769724,-0.37220876025689903
Bulgaria,42.439,24.666,308.8,1,1,2020-01-25,1120,A,64,6.0NRT,283.9,10.3,D,0.8499190626491924,-0.6803371172150386
Bulgaria,42.596,24.896,300.9,1,1,2020-01-25,1120,A,42,6.0NRT,286.6,5.1,D,0.8725906701006125,-0.8849951534915012
Bulgaria,42.947,26.257,312.9,1,1,2020-01-25,1120,A,73,6.0NRT,287.9,13.4,D,1.14991694489689,-0.4784925870774612
Bulgaria,42.713,24.17,305.2,1.1,1,2020-01-25,1120,A,61,6.0NRT,285.2,8.6,D,0.7630688115692565,-0.7348199876636605
Serbia,42.402,21.728,309.6,1.3,1.1,2020-01-25,1120,A,69,6.0NRT,280.4,17.2,D,0.08917698951631021,-0.4736691417290766
Serbia,42.399,21.713,304.5,1.3,1.1,2020-01-25,1120,A,59,6.0NRT,281.3,12.3,D,0.051783745004233724,-0.6243319849864875
Bulgaria,43.247,25.34,300.1,1,1,2020-01-25,1120,A,24,6.0NRT,287.4,4,D,0.8773780175055269,-0.8377074660369602
Bulgaria,43.413,23.555,314.5,1.1,1,2020-01-25,1120,A,75,6.0NRT,288.9,14.4,D,1.1337931957636624,-0.4708518294185176
Bulgaria,43.411,23.542,323.6,1.1,1,2020-01-25,1120,A,82,6.0NRT,289.1,24.1,D,1.317813411355248,-0.21005561648657806
Romania,43.713,25.227,313.9,1,1,2020-01-25,1120,A,70,6.0NRT,281.3,15.2,D,0.7213943813021265,-0.38521875607210154
Romania,43.934,24.734,302.2,1,1,2020-01-25,1120,A,51,6.0NRT,281.8,7.3,D,0.5358608542979323,-0.7058087186112957
Romania,43.932,24.722,307.2,1,1,2020-01-25,1120,A,65,6.0NRT,278.3,10.6,D,0.40318210375307345,-0.5519392958986332
Romania,43.833,23.798,304.1,1.1,1,2020-01-25,1120,A,50,6.0NRT,284.5,7.8,D,0.6504983020869419,-0.6781047867964317
Romania,43.831,23.785,307,1.1,1,2020-01-25,1120,A,56,6.0NRT,285.1,9.6,D,0.7401254548569249,-0.6045304873028092
Romania,44.305,26.81,302.4,1,1,2020-01-25,1120,A,45,6.0NRT,282.4,7.1,D,0.5533867840873098,-0.5849276743810696
Romania,43.817,23.464,302.1,1.1,1,2020-01-25,1120,A,50,6.0NRT,285.9,6.6,D,0.7057230636868106,-0.7548963396143364
Romania,43.843,22.892,309.8,1.1,1.1,2020-01-25,1120,A,0,6.0NRT,284,12.9,D,0.4351520505351891,-0.42053967198543435
Romania,44.744,27.953,301,1.1,1,2020-01-25,1120,A,43,6.0NRT,284.4,7.1,D,0.5380406112206316,-0.49904692761862923
Romania,44.931,29.494,303.3,1.2,1.1,2020-01-25,1120,A,55,6.0NRT,279.1,11.6,D,-0.1505519307735219,-0.1357985494682003
Romania,44.522,25.51,304.8,1,1,2020-01-25,1120,A,60,6.0NRT,285.7,7.8,D,0.7980288210907686,-0.5787888398855776
Romania,45.076,29.516,305.5,1.3,1.1,2020-01-25,1120,A,0,6.0NRT,279.2,14,D,-0.20541352920004544,-0.015279239217724993
Bulgaria,44.183,22.64,304.5,1.1,1.1,2020-01-25,1120,A,59,6.0NRT,285.5,8.5,D,0.4193610821611718,-0.556878197527625
Romania,44.714,25.366,303.1,1,1,2020-01-25,1120,A,55,6.0NRT,285.6,6.7,D,0.7533938521919585,-0.6131711642819174
Romania,44.461,23.422,300.2,1.1,1,2020-01-25,1120,A,31,6.0NRT,286.7,5.1,D,0.6935961431103292,-0.7569196785069556
Romania,44.92,26.447,303.9,1,1,2020-01-25,1120,A,57,6.0NRT,287.7,6.6,D,0.8866339808924242,-0.5425212928647477
Romania,44.783,25.139,311.4,1,1,2020-01-25,1120,A,71,6.0NRT,285.8,12.1,D,0.9116036870942104,-0.3943476686098753
Romania,45.056,26.991,300.2,1,1,2020-01-25,1120,A,31,6.0NRT,286.9,5.3,D,0.764847271668946,-0.5975104128600689
Romania,44.495,22.832,316.9,1.1,1,2020-01-25,1120,A,77,6.0NRT,286.1,18.5,D,0.9595505578705806,-0.31402395927790727
Romania,45.415,29.082,300.4,1.2,1.1,2020-01-25,1120,A,37,6.0NRT,285.7,6.6,D,0.1887865324752134,-0.2404146431954979
Romania,45.309,26.744,307,1,1,2020-01-25,1120,A,65,6.0NRT,283.9,10,D,0.6859734491519036,-0.38443045094546047
Ukraine,45.581,28.658,303,1.2,1.1,2020-01-25,1120,A,47,6.0NRT,284.4,7.8,D,0.14550874709539208,-0.16870916149937296
Ukraine,45.703,28.648,302.8,1.2,1.1,2020-01-25,1120,A,53,6.0NRT,284.2,7.9,D,0.12444695419546321,-0.1615864945041121
Ukraine,45.702,28.633,303.2,1.2,1.1,2020-01-25,1120,A,55,6.0NRT,285.8,8.4,D,0.23371860318683274,-0.15942957627932539
Romania,44.96,22.184,304.2,1.1,1.1,2020-01-25,1120,A,58,6.0NRT,280.6,11,D,0.07684862443566738,-0.47573085118524544
Ukraine,46.466,30.119,304.4,1.4,1.2,2020-01-25,1120,A,59,6.0NRT,280.7,13,D,-0.5814196083725399,0.26895079835511654
Ukraine,46.465,30.101,301.9,1.4,1.2,2020-01-25,1120,A,37,6.0NRT,281.2,10.4,D,-0.5964826794075175,0.19343271360083417
Ukraine,46.477,30.117,439.5,1.4,1.2,2020-01-25,1120,A,94,6.0NRT,295.9,947.4,D,4.831848087819465,7.7702108603252755
Ukraine,46.475,30.099,439.6,1.4,1.2,2020-01-25,1120,A,75,6.0NRT,302.6,945.5,D,5.2539584390471346,7.7250744284147075
Ukraine,46.487,30.115,326.9,1.4,1.2,2020-01-25,1120,A,74,6.0NRT,280.1,41.6,D,-0.1859378393381668,0.944944430888803
Ukraine,46.483,30.108,406,1.4,1.2,2020-01-25,1120,A,75,6.0NRT,293.7,473.3,D,3.0035467243914113,4.771052442087916
Ukraine,46.481,30.091,372.5,1.4,1.2,2020-01-25,1120,A,0,6.0NRT,290,203.8,D,1.574399803332104,2.733620707359873
Romania,46.154,27.015,312.4,1.1,1,2020-01-25,1120,A,73,6.0NRT,283.9,14.7,D,0.6504632598253344,-0.10407020411228905
Ukraine,47.633,30.276,331.1,1.5,1.2,2020-01-25,1120,A,87,6.0NRT,281.1,57.1,D,-0.16441260952264766,1.263204534580609
Ukraine,47.643,29.924,314.2,1.4,1.2,2020-01-25,1120,A,75,6.0NRT,282.8,25.1,D,-0.31135708831583825,0.6429745654891927
Ukraine,47.724,29.941,316,1.4,1.2,2020-01-25,1120,A,76,6.0NRT,281.5,28,D,-0.3612156346658369,0.7146676473185367
Ukraine,47.956,31.801,308,1.8,1.3,2020-01-25,1120,A,66,6.0NRT,280.3,24.3,D,-1.2685923117837963,0.918889804787621
Ukraine,47.954,31.777,306.8,1.8,1.3,2020-01-25,1120,A,64,6.0NRT,280.5,22.6,D,-1.279332504364556,0.8799748980686147
Ukraine,48.165,34.783,300.8,2.5,1.5,2020-01-25,1120,A,41,6.0NRT,277.3,28.2,D,-2.8412394933363543,1.4963767476827843
Ukraine,48.169,34.778,304.2,2.5,1.5,2020-01-25,1120,A,58,6.0NRT,277.5,33.6,D,-2.760462507866173,1.6018062553620815
Ukraine,48.732,31.326,309.2,1.7,1.3,2020-01-25,1120,A,68,6.0NRT,279.8,26,D,-1.2132818326116426,0.9628302571244237
Ukraine,48.355,26.356,304.6,1.1,1,2020-01-25,1120,A,59,6.0NRT,280.3,9.8,D,0.1883282930573606,-0.12726770890003763
Ukraine,48.667,28.934,334.3,1.3,1.1,2020-01-25,1120,A,89,6.0NRT,281.4,56.1,D,0.34633481560226553,1.148001468050853
Ukraine,48.665,28.916,303.2,1.3,1.1,2020-01-25,1120,A,55,6.0NRT,279.4,11.9,D,-0.3921388056460328,0.2091665738800642
Ukraine,48.981,29.986,302,1.5,1.2,2020-01-25,1120,A,50,6.0NRT,277.8,14,D,-1.0090955060295914,0.4918452411919754
Ukraine,48.903,28.449,337.2,1.3,1.1,2020-01-25,1120,A,90,6.0NRT,279.1,59.4,D,0.2466779798692906,1.2458778188350732
Ukraine,48.901,28.432,330.2,1.3,1.1,2020-01-25,1120,A,87,6.0NRT,279.5,45.6,D,0.12519463308195283,1.0111291625818162
Ukraine,49.158,27.334,305.1,1.2,1.1,2020-01-25,1120,A,61,6.0NRT,276.3,12.7,D,-0.476336025330955,0.2085717861902215
Ukraine,49.4,28.659,303.1,1.3,1.1,2020-01-25,1120,A,48,6.0NRT,277.1,12.9,D,-0.5689251631935982,0.2781757128126735
Ukraine,49.466,26.985,306.8,1.1,1.1,2020-01-25,1120,A,64,6.0NRT,276.2,13.8,D,-0.3686720002737711,0.22356945352635152
Ukraine,49.762,27,328.5,1.1,1.1,2020-01-25,1120,A,81,6.0NRT,276.1,37.8,D,0.022180242852352483,0.8811715122979915
Ukraine,49.771,26.998,328.8,1.1,1.1,2020-01-25,1120,A,81,6.0NRT,276.4,38.1,D,0.04641104515812214,0.8887558065744334
Ukraine,49.519,23.741,301.8,1,1,2020-01-25,1120,A,49,6.0NRT,277.4,7.9,D,0.007659490106645643,-0.2385265457449746
Ukraine,49.52,23.684,304.9,1,1,2020-01-25,1120,A,60,6.0NRT,278.5,9.7,D,0.13225805357066167,-0.1645861417371218
Ukraine,49.947,26.386,318.1,1.1,1,2020-01-25,1120,A,78,6.0NRT,276.1,23.4,D,0.10342017681517802,0.4236384428030312
Ukraine,49.946,26.371,306.8,1.1,1,2020-01-25,1120,A,64,6.0NRT,275.8,13.2,D,-0.12365288857190578,0.10706611730615084
Cyprus,34.882,32.454,301.1,1.3,1.1,2020-01-25,1115,A,45,6.0NRT,286.6,7.5,D,0.6203944011254537,-0.9602440893418874
Turkey,38.683,27.498,300.9,1,1,2020-01-25,1115,A,41,6.0NRT,288.7,3.6,D,1.1686946301336547,-1.1334123027850307
Turkey,38.692,27.496,302.7,1,1,2020-01-25,1115,A,53,6.0NRT,289.1,4.6,D,1.2253181371003694,-1.087290237459225
Turkey,38.771,27.472,301.2,1,1,2020-01-25,1115,A,42,6.0NRT,290.5,4.1,D,1.285120773915554,-1.1274073467793504
Spain,43.543,-5.837,302,1,1,2020-01-25,1115,T,47,6.0NRT,285.4,6.8,D,0.8798701109299825,-2.0556775568981567
Spain,43.542,-5.824,304,1,1,2020-01-25,1115,T,50,6.0NRT,284.2,8.1,D,0.8393846992981238,-1.9946141687011392
Portugal,41.443,-7.668,302.3,1.1,1.1,2020-01-25,1115,T,52,6.0NRT,281.4,8.9,D,0.3478920411768328,-2.102468774787025
Algeria,35.806,-0.265,318.1,1.8,1.3,2020-01-25,1120,T,59,6.0NRT,289,37.1,D,0.12222180848244067,-1.25368048428544
Algeria,35.802,-0.246,320.5,1.8,1.3,2020-01-25,1120,T,61,6.0NRT,289.4,42,D,0.1985106712435196,-1.1752887030187498
Algeria,35.973,1.882,302.5,1,1,2020-01-25,1255,A,49,6.0NRT,290.4,5.3,D,1.4749481949209875,-2.5096587045815513
Algeria,35.971,1.871,306.8,1,1,2020-01-25,1255,A,64,6.0NRT,289.4,8.2,D,1.4884862437456126,-2.3884130617085773
Ukraine,46.537,32.411,315.9,2.1,1.4,2020-01-25,1905,T,82,6.0NRT,273.4,56,N,-2.18922126089805,1.033853496306013
Ukraine,45.374,29.534,310.4,2.9,1.6,2020-01-26,0055,A,80,6.0NRT,266.7,75.3,N,-3.5692210579918497,2.4137653388714346
Ukraine,45.372,29.529,313.3,2.9,1.6,2020-01-26,0055,A,87,6.0NRT,266.8,82.8,N,-3.4975713015122762,2.5170799956680976
Ukraine,49.303,33.235,317.2,1.1,1.1,2020-01-26,0840,T,73,6.0NRT,277.3,21,D,-0.08527076279435769,0.8940591077184274
Ukraine,49.294,33.232,315.5,1.1,1.1,2020-01-26,0840,T,72,6.0NRT,277.1,18.9,D,-0.13022478488385528,0.8438577553650599
Romania,45.361,29.499,333,1.4,1.2,2020-01-26,0840,T,88,6.0NRT,278.9,60.6,D,-0.02441410586688039,1.2056686042474782
Romania,45.352,29.479,328.9,1.4,1.2,2020-01-26,0840,T,65,6.0NRT,276.8,51.5,D,-0.24568827261186627,1.0754592728716716
Romania,45.35,29.497,353.6,1.4,1.2,2020-01-26,0840,T,85,6.0NRT,280.2,123.6,D,0.5451644779497828,1.9832946365630417
Bulgaria,42.157,25.051,302.4,2.3,1.5,2020-01-26,0840,T,52,6.0NRT,281,21.6,D,-2.0650064203452625,0.6004297503789598
Bulgaria,42.161,25.046,306.5,2.3,1.5,2020-01-26,0840,T,64,6.0NRT,280.9,31.9,D,-1.9800589365954362,0.7471271028737924
Romania,45.352,29.486,306.1,2.3,1.5,2020-01-26,1025,A,47,6.0NRT,280,33,D,-2.2351333127747277,1.1203079226065586
Germany,51.483,6.709,306.7,1.4,1.2,2020-01-26,1020,T,0,6.0NRT,278.3,15.8,D,-0.8299295349636201,-0.1447144325483424
Germany,51.365,6.709,300.8,1.4,1.2,2020-01-26,1020,T,36,6.0NRT,278.2,12,D,-0.9360371878576829,-0.313209217715244
Belgium,51.172,3.814,307.8,1.9,1.3,2020-01-26,1020,T,47,6.0NRT,277.6,29.8,D,-1.5715475213431152,0.15147758197043734
France,51.027,2.255,300.1,2.2,1.4,2020-01-26,1020,T,23,6.0NRT,277.5,21.8,D,-2.2904417148524225,0.11524263937793525
Italy,45.465,10.455,309.8,1,1,2020-01-26,1020,T,69,6.0NRT,281.5,11.8,D,0.6349517928902115,-0.9172808222555513
Tunisia,35.633,10.155,303.7,1.2,1.1,2020-01-26,1020,T,56,6.0NRT,292,4.6,D,1.1373856481009026,-1.8137157418386116
Tunisia,35.631,10.148,304,1.2,1.1,2020-01-26,1020,T,58,6.0NRT,291.9,5.4,D,1.1379585562600658,-1.8027259403161346
Algeria,36.5,2.337,305.7,1.5,1.2,2020-01-26,1020,T,58,6.0NRT,280.9,13.7,D,-0.10447840847430967,-1.6521539929675595
Algeria,36.498,2.353,300.1,1.5,1.2,2020-01-26,1020,T,23,6.0NRT,277.8,8.2,D,-0.40527350712500076,-1.7936388277591664
Italy,37.63,13.895,302.3,1.2,1.1,2020-01-26,1200,A,46,6.0NRT,291.8,4.8,D,0.965309046983804,-1.6026212565216575
Italy,37.858,13.88,300.8,1.1,1.1,2020-01-26,1200,A,40,6.0NRT,288.7,4.8,D,0.8305231253069397,-1.6452256688094171
Bulgaria,42.352,23.832,302.5,2.2,1.4,2020-01-26,1200,A,43,6.0NRT,284.1,19,D,-1.563014966828178,0.18035612159176528
Bulgaria,43.572,22.865,300.6,2,1.4,2020-01-26,1200,A,36,6.0NRT,285.4,12.8,D,-1.3847712444577822,0.07785800956062133
Romania,43.702,24.584,303.1,2.5,1.5,2020-01-26,1200,A,55,6.0NRT,288.8,18.2,D,-1.899163211720969,0.578185306283332
Serbia,44.233,22.61,302.4,1.9,1.4,2020-01-26,1200,A,52,6.0NRT,288.8,11.4,D,-1.075488733704691,0.09890046456163192
Serbia,44.238,22.602,303.4,1.9,1.4,2020-01-26,1200,A,56,6.0NRT,288.9,13.1,D,-1.0489973008753213,0.13025882104561745
Serbia,44.272,21.186,302.8,1.6,1.3,2020-01-26,1200,A,54,6.0NRT,288.9,10.7,D,-0.4816005782757848,-0.21530183993995505
Romania,44.413,22.596,303.7,1.9,1.4,2020-01-26,1200,A,57,6.0NRT,287.8,15,D,-1.117033866273373,0.1676212354507399
Romania,44.417,22.587,305.5,1.9,1.4,2020-01-26,1200,A,62,6.0NRT,287.3,18.1,D,-1.1121758033467446,0.2278703177529226
Romania,44.817,22.995,307.2,2.1,1.4,2020-01-26,1200,A,65,6.0NRT,284.8,24.5,D,-1.4391992920133507,0.4521373652400397
Romania,44.819,22.987,302.4,2.1,1.4,2020-01-26,1200,A,52,6.0NRT,284.8,17.4,D,-1.5343552624434533,0.30418363883842475
Romania,44.974,23.395,310.5,2.2,1.4,2020-01-26,1200,A,70,6.0NRT,283,37.5,D,-1.5728894353506004,0.6761155105204909
Romania,45.073,21.55,308.3,1.7,1.3,2020-01-26,1200,A,67,6.0NRT,285.5,21.2,D,-0.7154773500225164,0.1137074399981843
Romania,45.669,27.25,300.4,3.7,1.8,2020-01-26,1200,A,37,6.0NRT,281.6,38.3,D,-4.475040339333789,1.8540992188997918
Romania,45.361,29.48,334.3,1,1,2020-01-26,1950,T,100,6.0NRT,269.3,41.6,N,0.06572068344417861,0.1505429692312747
Ukraine,45.37,29.477,325.6,1,1,2020-01-26,1950,T,100,6.0NRT,269.2,30.3,N,-0.10958077516685992,-0.10878386423935438
Romania,45.368,29.464,306.6,1,1,2020-01-26,1950,T,47,6.0NRT,268.7,12.8,N,-0.49197452219742815,-0.6422402432348645
Ukraine,45.376,29.468,304.3,1,1,2020-01-26,1950,T,60,6.0NRT,268.2,12.4,N,-0.5623716305014225,-0.6953660283714101
Ukraine,45.374,29.455,324.7,1,1,2020-01-26,1950,T,100,6.0NRT,269.8,30.6,N,-0.08552452534731961,-0.13284293122247448
Ukraine,45.383,29.452,362.6,1,1,2020-01-26,1950,T,100,6.0NRT,273.7,106,N,0.9589619051639651,1.1030041121039984
Ukraine,45.381,29.439,366.9,1,1,2020-01-26,1950,T,100,6.0NRT,273.3,119.8,N,1.0368722245660744,1.271627945011363
Algeria,35.801,-0.256,300.9,2.9,1.6,2020-01-26,2125,T,35,6.0NRT,281.2,37,N,-2.8207131802525067,-1.2983207706296702
Algeria,35.802,-0.261,303.5,2.9,1.6,2020-01-26,2125,T,56,6.0NRT,281.1,44.7,N,-2.766269974192616,-1.1998503768780915
Romania,45.403,29.396,389.4,1.1,1,2020-01-27,0000,A,100,6.0NRT,270.1,228.3,N,1.7791412370978015,3.462262697169198
Romania,45.401,29.41,495.5,1.1,1,2020-01-27,0000,A,100,6.0NRT,318.2,1711.7,N,10.133819482120778,12.645696013544303
Romania,45.399,29.423,415.1,1.1,1,2020-01-27,0000,A,100,6.0NRT,289,406,N,3.824247715720792,4.799469680025771
Ukraine,45.398,29.437,407.6,1.1,1,2020-01-27,0000,A,100,6.0NRT,282.2,343.1,N,3.1193339290259092,4.365697394809517
Romania,45.392,29.407,337,1.1,1,2020-01-27,0000,A,100,6.0NRT,267.7,47.3,N,0.3394429951409994,1.3791654198529526
Ukraine,45.388,29.435,311.4,1.1,1,2020-01-27,0000,A,33,6.0NRT,271.1,15.4,N,0.06239772266094939,0.600462739713682
Ukraine,45.379,29.468,311.3,1.1,1,2020-01-27,0000,A,82,6.0NRT,269,18.1,N,-0.06560430200392371,0.6230957572531234
Algeria,35.814,-0.257,309.2,1.4,1.2,2020-01-27,0140,A,77,6.0NRT,281.7,20.5,N,0.32626589431776915,-1.2815605987542196
Germany,52.157,10.405,302.1,1,1,2020-01-27,0135,A,47,6.0NRT,273.3,9.5,N,-0.13857792200291424,-0.0012863205178750051
Czechia,49.683,18.664,308.7,1.6,1.3,2020-01-27,0925,T,0,6.0NRT,266.2,25.6,D,-1.9818527499727268,0.6324128539150448
Romania,45.387,29.412,323.4,1.4,1.2,2020-01-27,0925,T,51,6.0NRT,282.9,32.6,D,-0.028775691012201197,0.779310705876624
Ukraine,45.377,29.463,305.7,1.4,1.2,2020-01-27,0925,T,46,6.0NRT,281.8,13.2,D,-0.4325535050377106,0.2734307665911009
Romania,45.395,29.391,358.3,1.4,1.2,2020-01-27,0925,T,74,6.0NRT,283.9,125.3,D,0.8249326783860962,2.039659263709096
Romania,45.391,29.407,334.1,1.4,1.2,2020-01-27,0925,T,54,6.0NRT,284.3,52,D,0.2804589404992985,1.1176849067819525
Romania,45.381,29.403,320.9,1.4,1.2,2020-01-27,0925,T,56,6.0NRT,281,29.6,D,-0.1968245236981333,0.7153815189302386
Romania,45.394,29.387,368.2,1,1,2020-01-27,1105,A,71,6.0NRT,281.4,110.3,D,1.721741705373127,1.6897081925015576
Romania,45.403,29.384,366.7,1,1,2020-01-27,1105,A,0,6.0NRT,283.2,103.1,D,1.793770296046332,1.6108185587354662
Ukraine,48.66,30.444,306.8,1.1,1.1,2020-01-27,1105,A,64,6.0NRT,278.6,12.8,D,-0.22382554600119628,0.29165107734022466
Algeria,35.811,-0.271,305.1,1.2,1.1,2020-01-27,1105,T,39,6.0NRT,288.5,7.3,D,0.9375464392432695,-2.215655334191307
Algeria,35.809,-0.258,317,1.2,1.1,2020-01-27,1105,T,58,6.0NRT,289.6,19.7,D,1.2305514027399522,-1.879340219840594
Algeria,35.806,-0.245,308.5,1.2,1.1,2020-01-27,1105,T,51,6.0NRT,289,10.4,D,1.0320939048282674,-2.1221238574043504
Algeria,34.653,5.853,307.6,1,1,2020-01-27,1245,A,43,6.0NRT,297.3,3.9,D,2.006311666681513,-2.375066937879951
Algeria,36.787,7.693,305,1,1,2020-01-27,1245,A,60,6.0NRT,291,5.7,D,1.4682733116598943,-2.1278052563198213
Algeria,35.8,-0.258,308,1.9,1.3,2020-01-27,1245,A,58,6.0NRT,290.5,17.6,D,-0.15528602226909693,-1.6313821983796992
Italy,45.624,12.594,307.4,2.2,1.4,2020-01-27,1245,A,65,6.0NRT,282.6,32.5,D,-1.6874591914798487,0.13895797936566381
Italy,45.632,11.438,303.1,1.9,1.4,2020-01-27,1245,A,55,6.0NRT,280.7,19.8,D,-1.6162934142552738,-0.19141980575899684
United Kingdom,56.1,-3.302,302.8,1,1,2020-01-27,1250,A,54,6.0NRT,275.8,10.1,D,-0.34177118992413796,-0.8449742846090664
Algeria,35.813,-0.253,325.5,1,1,2020-01-27,2210,T,81,6.0NRT,284.2,25.6,N,1.2821264719029264,-2.4445248958717265
Algeria,35.811,-0.264,310,1,1,2020-01-27,2210,T,52,6.0NRT,282.1,12.2,N,0.8649906773097259,-2.8661467908913174
Algeria,35.819,-0.277,307,1,1,2020-01-27,2210,T,37,6.0NRT,282.8,10.3,N,0.855766327767031,-2.950468218253464
Algeria,35.813,-0.259,313.8,1.8,1.3,2020-01-28,0225,A,88,6.0NRT,280,38.5,N,-0.3730176331914872,-0.8140057976627212
Algeria,35.81,-0.24,303,1.8,1.3,2020-01-28,0225,A,52,6.0NRT,280.2,21,N,-0.5779056574388655,-1.1542361348693955
Algeria,35.807,-0.268,300.7,3.3,1.7,2020-01-28,1010,T,35,6.0NRT,283.7,27.6,D,-3.1537853911316347,-0.4406387457036496
Greece,40.383,21.904,303.4,1.1,1.1,2020-01-28,1150,A,56,6.0NRT,287.6,6.8,D,0.6384195853287926,-0.9998753785928277
Greece,40.388,21.91,305.3,1.1,1.1,2020-01-28,1150,A,17,6.0NRT,288,8.1,D,0.6975420848304421,-0.9499785246902444
North Macedonia,41.439,21.943,300.5,1.2,1.1,2020-01-28,1150,A,38,6.0NRT,287.7,5.4,D,0.45115065618079475,-0.9380726253499171
Bulgaria,42.103,25.238,307.5,1.7,1.3,2020-01-28,1150,A,65,6.0NRT,287.2,16.5,D,-0.5436719962883894,-0.03586631648638081
Bulgaria,42.112,25.229,301.1,1.7,1.3,2020-01-28,1150,A,44,6.0NRT,288.1,8.9,D,-0.6092470492576184,-0.22887135106491951
Bulgaria,42.201,24.452,300.6,1.6,1.2,2020-01-28,1150,A,39,6.0NRT,289.5,6.1,D,-0.14941152445274505,-0.4626456889159333
Bulgaria,42.204,24.463,305.9,1.6,1.2,2020-01-28,1150,A,62,6.0NRT,290.1,11.2,D,-0.013141732991374711,-0.31488717582541137
Bulgaria,42.24,24.495,301.4,1.6,1.2,2020-01-28,1150,A,47,6.0NRT,289.7,6.8,D,-0.12391452884394923,-0.4361457587813265
Romania,45.306,27.134,324,2.4,1.5,2020-01-28,1150,A,83,6.0NRT,284.4,81.7,D,-1.6997830756096082,1.6100535562695566
Romania,45.304,27.103,330.2,2.4,1.5,2020-01-28,1150,A,87,6.0NRT,285.8,108.9,D,-1.4444497207628122,1.8756749661987333
Romania,45.301,27.126,337.2,2.4,1.5,2020-01-28,1150,A,90,6.0NRT,285,143.9,D,-1.2969564040600026,2.2113736937729507
Romania,45.3,27.095,317.4,2.4,1.5,2020-01-28,1150,A,78,6.0NRT,285,60,D,-1.8209067014713534,1.3456046508820927
Ukraine,48.384,26.312,303.9,2.3,1.5,2020-01-28,1150,A,57,6.0NRT,279.5,27.9,D,-2.504244855086936,1.0988400120698163
Ukraine,51.46,26.976,300.5,2.7,1.6,2020-01-28,1150,A,26,6.0NRT,277.1,27.8,D,-3.5263498680314287,1.6360916908616014
Belarus,51.667,27.025,312.8,2.7,1.6,2020-01-28,1150,A,63,6.0NRT,275.6,66.1,D,-3.338598408168116,2.1373149652625147
Belarus,51.67,27.021,313.3,2.7,1.6,2020-01-28,1150,A,64,6.0NRT,275.8,68.2,D,-3.312844085154379,2.158023921933252
Algeria,35.804,-0.25,316,1.3,1.1,2020-01-28,1325,A,58,6.0NRT,289.8,18.2,D,1.0591448134745356,-1.9970514309550662
Algeria,35.803,-0.264,314,1.3,1.1,2020-01-28,1325,A,70,6.0NRT,290.9,16,D,1.091207346896128,-2.0619678429019084
Germany,51.489,6.734,304.4,1,1,2020-01-28,2115,T,55,6.0NRT,275,10.1,N,-0.39623208460228465,-1.2460011473057313
Belgium,51.171,3.813,300.3,1.1,1.1,2020-01-28,2115,T,23,6.0NRT,274.5,10.6,N,-0.8568846304189616,-1.3144275408219444
Germany,52.159,10.405,310.3,1.1,1,2020-01-29,0125,A,80,6.0NRT,275.1,16.2,N,-0.0024321890533804437,0.2658813559289022
Italy,45.146,9.944,303.7,1,1,2020-01-29,0125,A,56,6.0NRT,274.2,10.8,N,0.2286505484187982,-0.5919113285756936
Algeria,35.809,-0.247,300.8,2.1,1.4,2020-01-29,0130,A,33,6.0NRT,280.6,23.6,N,-1.1590405024444692,-0.8853340988526431
Turkey,39.401,31.093,303.1,1.1,1,2020-01-29,1055,A,55,6.0NRT,281.5,8.2,D,0.5569015111844124,-0.7473872958651873
Algeria,35.811,-0.262,305,1,1,2020-01-29,1055,T,46,6.0NRT,284.9,6.1,D,1.1571694598311026,-2.4161650871767275
Algeria,35.809,-0.251,319.4,1,1,2020-01-29,1055,T,60,6.0NRT,285.3,17,D,1.4427661131295737,-2.023263133345813
Algeria,36.787,7.696,309.7,1.1,1,2020-01-29,1230,A,69,6.0NRT,293.6,8.3,D,1.5903121933527076,-1.9633662301169819
Algeria,36.786,7.684,304.3,1.1,1,2020-01-29,1230,A,55,6.0NRT,293.1,4.7,D,1.462296244253965,-2.1069467421043533
